PQ325316,ID1
OR468246,ID10
OR670493,ID100
OK274266,ID101
PV366447,ID102
PP334609,ID103
OK095299,ID104
PV879699,ID105
PV879723,ID106
MT811832,ID107
KP998476,ID108
OM201184,ID109
AB811788,ID11
MN547965,ID110
JF800911,ID111
GU269541,ID112
KF678434,ID113
MW561593,ID114
MK279739,ID115
OM202902,ID116
FJ950745,ID117
JN387274,ID118
PV467459,ID119
KP998418,ID12
GU232738,ID120
JQ715697,ID121
KC445138,ID122
OM293959,ID123
PP053520,ID124
JF268683,ID125
KT819203,ID126
MT811823,ID127
KP860911,ID128
KP771745,ID129
KT180169,ID130
PQ325353,ID131
PQ325321,ID132
KP998475,ID133
MH663433,ID135
PQ325344,ID136
PQ325350,ID137
PQ325354,ID138
MH404256,ID139
PV879684,ID14
OM293960,ID140
PQ325311,ID141
PQ325341,ID142
PQ325351,ID143
KY373215,ID144
PQ325349,ID145
MN660069,ID146
PQ325314,ID147
PQ325318,ID148
PQ325320,ID149
EF532808,ID15
PQ325352,ID150
PQ325342,ID151
JQ955657,ID152
PQ325340,ID153
OM201181,ID154
PP065918,ID155
ON462049,ID156
MN865555,ID157
MN865513,ID158
KP998423,ID159
AB811787,ID16
KP998405,ID160
KF287142,ID161
OM743305,ID162
MZ322956,ID163
KT033733,ID164
OR669527,ID165
AF331831,ID166
PV879783,ID167
AB811789,ID168
AY262352,ID169
KY348853,ID17
PV879676,ID170
PV879673,ID171
PV879670,ID172
PV879671,ID173
PV879657,ID174
PV879680,ID175
PV879675,ID176
PV879674,ID177
EU262603,ID178
JX044140,ID179
ON645930,ID18
JX857698,ID180
KC862576,ID181
KF287136,ID182
KF724403,ID183
KF751238,ID184
KP998417,ID185
KP998419,ID186
KP998428,ID187
KU201579,ID188
KX689233,ID189
PQ325319,ID19
KY348851,ID190
MN073143,ID191
MN865493,ID192
MT093771,ID193
MT811825,ID194
MZ287322,ID195
MZ747446,ID196
ON462046,ID197
OR669525,ID198
PQ893567,ID199
OQ538073,ID2
PP065920,ID20
PV464061,ID200
PV879698,ID21
MN865554,ID22
MN865535,ID23
PP074324,ID24
PQ893091,ID25
PV879779,ID26
MN865500,ID27
MN046242,ID28
OR575928,ID29
KP998403,ID3
PP053521,ID30
MN865567,ID31
MZ146721,ID32
MN046243,ID33
MH651736,ID34
OQ924468,ID35
PQ835040,ID36
PV240231,ID37
PV779109,ID38
PV879724,ID39
KX621003,ID4
PV879733,ID40
PV879759,ID41
PV068539,ID42
PV068521,ID43
MN865490,ID44
MN865511,ID45
MN865547,ID46
MN865563,ID47
MN865518,ID48
MN865550,ID49
MK780824,ID5
MT394495,ID50
OP734318,ID51
MN865551,ID52
KT581982,ID53
OK486522,ID54
MN865508,ID55
OR662185,ID56
MN865496,ID57
OQ924470,ID58
OL416128,ID59
KP998404,ID6
JX138233,ID60
MK057529,ID61
KT257965,ID62
MZ287314,ID63
OL516354,ID64
OQ459664,ID65
MK450333,ID66
OK486523,ID67
OR711915,ID68
OQ459663,ID69
KP998412,ID7
PP334623,ID70
PV393036,ID71
MT416546,ID72
KF724412,ID73
OQ540963,ID75
PQ336108,ID76
ON462045,ID77
PV879785,ID78
KX980393,ID79
KP998415,ID8
PP091271,ID80
KT257993,ID81
EF532814,ID82
OL416127,ID83
OR634976,ID84
PV459691,ID85
MW592723,ID86
OL771205,ID87
PV879787,ID88
MF526965,ID89
MW592735,ID90
MW592717,ID91
OR805486,ID92
PV879709,ID93
PV253160,ID94
MT176434,ID95
OQ540962,ID96
PP033240,ID97
OQ924471,ID98
MH651743,ID99
MK820650,IDFostera_vaccine
EF112445,IDJXA1
KU131568,IDPrevacent_vaccine_NADC30
PV631993,IDPRRSGard_Prime_Pac_vaccine
